Public_Address,addressNo,idinfo
PO Box 34338,40,1
Room 277,21,2
PO Box 49339,69,3
Room 335,66,4
Apt 462,39,5
Room 941,14,6
Apt 1677,2,7
PO Box 39731,26,8
Apt 1764,66,9
Suite 82,81,10
Suite 61,98,11
12th Floor,49,12
Apt 40,72,13
PO Box 97191,76,14
19th Floor,79,15
PO Box 58183,50,16
Apt 1176,53,17
Suite 1,76,18
Apt 1187,7,19
Apt 401,28,20
16th Floor,39,21
Suite 47,91,22
Suite 22,55,23
PO Box 23170,61,24
Room 1021,40,25
PO Box 24313,29,26
Room 1836,19,27
Suite 38,11,28
Suite 25,57,29
Room 1449,50,30
Room 1507,56,31
Suite 11,55,32
Room 1569,55,33
Suite 47,100,34
Room 390,69,35
Apt 1597,66,36
Apt 364,37,37
7th Floor,34,38
PO Box 13712,43,39
PO Box 46201,81,40
PO Box 76237,47,41
Room 31,98,42
Room 597,33,43
Apt 1431,37,44
8th Floor,83,45
19th Floor,59,46
8th Floor,84,47
Room 1000,88,48
1st Floor,48,49
Suite 77,9,50
Room 946,88,51
Suite 76,59,52
Apt 1399,28,53
14th Floor,4,54
Suite 16,81,55
PO Box 39128,54,56
Room 1544,43,57
11th Floor,78,58
Room 373,61,59
Suite 63,95,60
Suite 31,96,61
Apt 1738,53,62
Room 1905,76,63
Room 749,68,64
Room 1016,85,65
17th Floor,17,66
Suite 20,18,67
Room 629,27,68
Room 1,74,69
Room 675,49,70
Apt 99,34,71
Suite 68,49,72
Room 1837,90,73
18th Floor,61,74
Suite 94,5,75
15th Floor,27,76
2nd Floor,65,77
3rd Floor,85,78
Room 1897,100,79
Suite 63,91,80
PO Box 1117,90,81
Room 5,31,82
Room 1024,5,83
Room 1747,34,84
Apt 1699,5,85
8th Floor,85,86
Room 1957,13,87
PO Box 90896,75,88
Room 1675,50,89
PO Box 79794,63,90
9th Floor,93,91
Apt 1907,17,92
Apt 1817,64,93
13th Floor,31,94
PO Box 68502,47,95
Suite 11,31,96
PO Box 79108,62,97
3rd Floor,97,98
Suite 99,44,99
Room 399,15,100
PO Box 77036,81,101
Suite 56,46,102
Apt 1861,98,103
Apt 473,68,104
PO Box 13593,100,105
Room 120,37,106
14th Floor,69,107
PO Box 7705,85,108
5th Floor,81,109
11th Floor,51,110
12th Floor,96,111
Suite 10,21,112
18th Floor,10,113
Apt 1207,83,114
PO Box 15034,52,115
Room 454,23,116
Room 1773,44,117
PO Box 89426,5,118
Suite 63,71,119
PO Box 78521,96,120
Room 1145,41,121
Room 800,40,122
PO Box 58307,90,123
Suite 49,80,124
Apt 792,49,125
PO Box 74519,32,126
Room 1537,93,127
PO Box 30867,23,128
17th Floor,24,129
Room 940,91,130
Suite 75,41,131
Apt 1954,64,132
PO Box 90477,61,133
6th Floor,25,134
Suite 5,44,135
Room 1058,79,136
PO Box 53303,19,137
Apt 1725,43,138
Apt 918,38,139
PO Box 51438,84,140
Apt 119,80,141
Suite 3,10,142
Apt 180,81,143
6th Floor,100,144
Suite 28,52,145
Room 705,42,146
Apt 433,82,147
PO Box 67363,18,148
Suite 1,51,149
Apt 85,41,150
13th Floor,57,151
Apt 672,9,152
Suite 46,46,153
Room 1519,48,154
PO Box 14175,83,155
Room 1943,16,156
PO Box 64630,77,157
Room 34,26,158
PO Box 82586,53,159
Suite 40,57,160
1st Floor,67,161
20th Floor,24,162
12th Floor,100,163
Apt 20,35,164
Room 813,54,165
18th Floor,35,166
Room 656,48,167
Room 776,9,168
7th Floor,64,169
Room 1820,49,170
Apt 1326,72,171
PO Box 55677,76,172
Room 1824,46,173
Suite 35,90,174
PO Box 92970,78,175
Room 1346,74,176
11th Floor,12,177
PO Box 19465,14,178
Apt 499,45,179
Suite 91,98,180
Apt 107,35,181
PO Box 4556,7,182
PO Box 84670,93,183
Suite 90,22,184
8th Floor,69,185
Suite 7,34,186
19th Floor,41,187
Suite 45,74,188
Suite 81,3,189
9th Floor,95,190
Suite 11,46,191
Suite 65,11,192
Apt 217,14,193
PO Box 8022,6,194
17th Floor,89,195
Suite 33,49,196
Room 606,16,197
PO Box 52150,62,198
5th Floor,77,199
Apt 1756,92,200
Suite 7,64,201
15th Floor,29,202
Suite 25,19,203
Apt 1645,12,204
Room 1779,57,205
PO Box 65175,17,206
Room 1240,88,207
Apt 1738,77,208
Room 1660,40,209
3rd Floor,82,210
Suite 53,93,211
Suite 23,52,212
PO Box 62390,63,213
Suite 38,94,214
Room 101,39,215
Apt 1480,17,216
Apt 1574,62,217
Suite 64,26,218
Apt 1094,28,219
Suite 87,48,220
Suite 14,28,221
6th Floor,44,222
Suite 97,76,223
PO Box 21329,86,224
PO Box 74819,38,225
12th Floor,98,226
Apt 966,52,227
11th Floor,30,228
Room 895,22,229
20th Floor,15,230
3rd Floor,15,231
Room 1138,80,232
Room 71,78,233
Apt 1155,10,234
PO Box 18304,37,235
Room 130,69,236
Apt 976,82,237
7th Floor,32,238
Suite 58,25,239
Room 1088,32,240
Apt 393,68,241
Room 1227,5,242
Room 1776,32,243
Room 1262,81,244
PO Box 79685,72,245
Apt 590,2,246
Room 1321,36,247
PO Box 81039,11,248
13th Floor,80,249
Room 1447,9,250
Apt 309,99,251
Room 1690,55,252
Apt 1222,72,253
Apt 1404,53,254
8th Floor,40,255
Room 1013,44,256
PO Box 35520,47,257
Room 177,62,258
19th Floor,57,259
Apt 766,87,260
PO Box 81734,48,261
PO Box 32375,93,262
Apt 1177,25,263
PO Box 29524,85,264
PO Box 78442,18,265
PO Box 67896,94,266
Room 1063,18,267
PO Box 72314,55,268
Room 1789,63,269
PO Box 74818,92,270
Apt 1367,43,271
Apt 1087,27,272
8th Floor,92,273
Room 512,61,274
Suite 76,42,275
Room 1071,40,276
Apt 1854,28,277
Room 1165,94,278
Room 373,7,279
Apt 1651,63,280
12th Floor,12,281
11th Floor,11,282
Room 1158,11,283
9th Floor,32,284
9th Floor,14,285
Suite 25,44,286
15th Floor,89,287
Suite 67,23,288
Room 1916,37,289
PO Box 54252,26,290
PO Box 16590,84,291
Room 1213,18,292
Apt 1608,60,293
Room 1492,60,294
PO Box 5970,74,295
1st Floor,50,296
PO Box 94731,94,297
Apt 555,67,298
Apt 1800,85,299
PO Box 77440,60,300
Apt 556,30,301
Apt 1239,73,302
Room 1693,54,303
PO Box 57394,30,304
Apt 1541,100,305
Apt 156,87,306
17th Floor,100,307
9th Floor,93,308
Room 65,88,309
Room 235,59,310
Room 1001,41,311
Room 828,97,312
Suite 62,51,313
Apt 120,59,314
Apt 1165,91,315
Room 1316,44,316
Room 1431,62,317
Suite 81,36,318
Room 1098,96,319
Apt 1290,27,320
PO Box 65212,77,321
Apt 1051,59,322
Apt 586,58,323
1st Floor,47,324
Apt 717,15,325
Apt 1046,84,326
Suite 96,51,327
Suite 36,32,328
PO Box 39806,24,329
Apt 341,37,330
Room 152,99,331
PO Box 4732,23,332
Room 1479,74,333
Apt 1351,46,334
9th Floor,86,335
Room 1267,10,336
Suite 49,20,337
PO Box 92994,37,338
8th Floor,67,339
Apt 1511,80,340
6th Floor,26,341
Suite 89,7,342
Apt 32,76,343
2nd Floor,73,344
Apt 952,32,345
15th Floor,77,346
Apt 158,51,347
Apt 1636,18,348
PO Box 22784,28,349
5th Floor,87,350
Apt 1049,48,351
PO Box 72799,11,352
PO Box 86618,54,353
PO Box 98455,77,354
Suite 18,40,355
Apt 794,88,356
1st Floor,16,357
PO Box 11573,28,358
Suite 99,44,359
PO Box 47559,39,360
Suite 65,80,361
Apt 1059,25,362
Apt 1905,92,363
Apt 1938,70,364
12th Floor,78,365
7th Floor,100,366
Suite 84,100,367
Room 1329,17,368
Room 371,80,369
Apt 202,67,370
8th Floor,41,371
10th Floor,66,372
Room 410,39,373
Room 988,81,374
Room 1969,2,375
PO Box 59894,24,376
1st Floor,59,377
16th Floor,6,378
Suite 70,14,379
Apt 586,13,380
11th Floor,45,381
Suite 42,34,382
Suite 48,9,383
Suite 42,21,384
PO Box 63126,31,385
Suite 56,76,386
PO Box 9413,48,387
Apt 338,100,388
Suite 38,20,389
Apt 1744,61,390
Suite 46,44,391
Room 1605,5,392
Room 128,19,393
Apt 443,8,394
PO Box 48962,40,395
Suite 32,97,396
Apt 164,5,397
Apt 788,22,398
Room 1505,68,399
Apt 1212,99,400
PO Box 266,35,401
Suite 66,72,402
Apt 1388,27,403
PO Box 65506,51,404
PO Box 40499,100,405
Room 967,64,406
Room 1880,7,407
Room 364,45,408
Room 928,33,409
PO Box 53435,11,410
12th Floor,26,411
Room 1997,64,412
Suite 52,60,413
19th Floor,19,414
Room 554,65,415
15th Floor,65,416
Apt 280,25,417
1st Floor,46,418
Apt 1072,16,419
Room 1588,70,420
PO Box 69895,21,421
Room 876,22,422
Apt 1628,51,423
Room 1009,5,424
PO Box 77013,33,425
1st Floor,78,426
Apt 758,86,427
PO Box 4131,35,428
Apt 1362,3,429
Room 1973,26,430
Suite 65,89,431
Apt 353,22,432
Apt 1601,3,433
PO Box 85412,12,434
7th Floor,21,435
Apt 940,39,436
PO Box 81404,98,437
Room 840,2,438
6th Floor,97,439
Apt 1566,53,440
Apt 264,79,441
PO Box 67266,46,442
6th Floor,72,443
Suite 81,76,444
19th Floor,77,445
6th Floor,48,446
PO Box 93179,18,447
Apt 1687,44,448
Room 1784,65,449
Suite 9,21,450
PO Box 4251,50,451
Suite 2,72,452
Room 277,82,453
Suite 42,45,454
Apt 1709,71,455
Room 1275,36,456
PO Box 63035,69,457
Room 75,18,458
PO Box 86704,2,459
PO Box 61764,84,460
PO Box 4196,46,461
1st Floor,76,462
PO Box 81515,29,463
Suite 21,8,464
Room 1374,14,465
Room 412,79,466
Room 682,86,467
Apt 774,20,468
5th Floor,12,469
PO Box 7934,29,470
Room 510,46,471
Suite 46,32,472
Room 421,63,473
PO Box 14671,64,474
Apt 780,79,475
PO Box 88252,82,476
Room 1337,42,477
Apt 1187,54,478
Room 1301,39,479
Suite 9,24,480
Suite 84,32,481
12th Floor,85,482
Apt 369,23,483
7th Floor,14,484
Apt 420,63,485
6th Floor,38,486
PO Box 74321,60,487
Suite 11,93,488
Suite 62,71,489
Room 144,13,490
Room 29,43,491
Suite 76,78,492
Apt 1672,23,493
4th Floor,13,494
Room 1816,4,495
Room 1480,34,496
16th Floor,50,497
PO Box 41157,18,498
13th Floor,12,499
8th Floor,26,500
1st Floor,83,501
PO Box 77791,69,502
PO Box 41067,96,503
Room 1851,13,504
19th Floor,38,505
14th Floor,49,506
Apt 397,60,507
Room 991,52,508
PO Box 46324,89,509
8th Floor,98,510
Room 1216,61,511
Room 1739,100,512
Suite 61,89,513
PO Box 19390,32,514
Room 114,39,515
Room 644,76,516
PO Box 29729,76,517
Suite 56,68,518
Room 603,57,519
12th Floor,92,520
Apt 840,5,521
Suite 61,1,522
Suite 34,24,523
PO Box 32641,94,524
7th Floor,85,525
Apt 853,5,526
Room 49,69,527
Apt 891,71,528
Suite 79,52,529
4th Floor,82,530
PO Box 73424,70,531
12th Floor,3,532
7th Floor,58,533
PO Box 89603,1,534
Room 836,98,535
PO Box 5457,58,536
Room 690,72,537
8th Floor,32,538
PO Box 39796,86,539
PO Box 88936,4,540
Suite 10,34,541
Apt 248,82,542
Apt 555,90,543
PO Box 66084,78,544
Apt 1154,13,545
Suite 30,4,546
1st Floor,44,547
Suite 41,55,548
Suite 29,97,549
Suite 51,85,550
Suite 86,50,551
16th Floor,68,552
Suite 87,81,553
Suite 9,21,554
Apt 1741,23,555
Room 1341,24,556
Suite 19,10,557
Apt 112,36,558
PO Box 68940,32,559
20th Floor,98,560
Room 1060,26,561
PO Box 51477,85,562
Suite 91,41,563
Apt 962,12,564
8th Floor,78,565
6th Floor,91,566
Suite 41,57,567
Apt 1793,14,568
Apt 1632,17,569
Apt 1515,71,570
Room 304,35,571
Room 230,58,572
PO Box 4376,19,573
Apt 1849,8,574
Suite 30,71,575
PO Box 15373,86,576
11th Floor,44,577
Room 1455,7,578
Suite 64,93,579
PO Box 64869,32,580
20th Floor,42,581
Suite 7,18,582
11th Floor,26,583
Suite 12,34,584
PO Box 1695,89,585
Suite 51,84,586
7th Floor,51,587
Apt 277,92,588
Suite 86,54,589
Apt 1837,4,590
5th Floor,9,591
PO Box 50300,51,592
Room 628,50,593
6th Floor,42,594
Room 841,27,595
19th Floor,34,596
PO Box 62951,62,597
PO Box 8463,5,598
PO Box 52355,24,599
Apt 864,5,600
Room 1371,19,601
Apt 488,5,602
Room 352,86,603
Suite 33,11,604
11th Floor,87,605
Room 717,80,606
16th Floor,65,607
Room 817,10,608
Apt 1399,1,609
Apt 1230,76,610
Room 424,91,611
2nd Floor,28,612
Suite 50,54,613
Room 715,49,614
Suite 5,2,615
19th Floor,47,616
PO Box 78001,42,617
PO Box 36646,99,618
Room 1814,80,619
PO Box 36473,13,620
PO Box 31264,50,621
12th Floor,19,622
PO Box 65209,30,623
Suite 39,38,624
13th Floor,46,625
16th Floor,62,626
PO Box 51771,60,627
PO Box 41829,20,628
Suite 42,52,629
Apt 483,30,630
Room 1708,54,631
Room 323,19,632
Room 498,65,633
PO Box 19445,1,634
5th Floor,53,635
Room 1411,76,636
5th Floor,16,637
PO Box 21613,55,638
14th Floor,29,639
Apt 1490,18,640
PO Box 62026,44,641
Room 1098,16,642
Apt 207,98,643
PO Box 55976,8,644
Suite 18,26,645
Room 1248,61,646
PO Box 76394,36,647
Apt 747,91,648
4th Floor,34,649
Room 974,83,650
Room 650,7,651
18th Floor,3,652
Room 390,82,653
Apt 951,11,654
PO Box 15605,81,655
16th Floor,54,656
5th Floor,90,657
Suite 64,3,658
3rd Floor,1,659
PO Box 43365,31,660
PO Box 68946,64,661
Suite 40,78,662
Apt 790,42,663
Suite 58,32,664
PO Box 88680,87,665
Apt 1886,77,666
3rd Floor,21,667
Apt 1010,16,668
PO Box 41636,95,669
PO Box 24868,65,670
Room 1048,63,671
Suite 64,35,672
4th Floor,50,673
18th Floor,9,674
Apt 1531,28,675
Apt 1874,70,676
Room 1517,13,677
PO Box 98165,72,678
PO Box 3381,72,679
Room 1929,82,680
19th Floor,33,681
6th Floor,90,682
7th Floor,13,683
Suite 76,96,684
Apt 1294,49,685
11th Floor,37,686
Apt 551,14,687
Room 129,37,688
6th Floor,25,689
Room 1300,65,690
Room 1441,92,691
Suite 37,51,692
PO Box 25790,91,693
PO Box 4603,94,694
Room 1798,44,695
12th Floor,49,696
Apt 797,64,697
8th Floor,17,698
Suite 25,22,699
Suite 10,38,700
Suite 15,66,701
Room 1517,20,702
Room 640,82,703
Apt 1828,88,704
PO Box 44990,60,705
5th Floor,31,706
10th Floor,31,707
Suite 74,11,708
12th Floor,77,709
PO Box 38245,59,710
Suite 48,99,711
PO Box 10538,93,712
Suite 5,83,713
Room 1617,68,714
PO Box 963,36,715
Apt 335,96,716
PO Box 37192,98,717
PO Box 19804,34,718
Suite 44,81,719
Room 1647,43,720
Apt 1605,65,721
1st Floor,21,722
PO Box 32930,69,723
Room 964,89,724
PO Box 99825,68,725
Suite 40,49,726
PO Box 83388,74,727
Apt 208,91,728
Room 451,24,729
PO Box 32609,69,730
Suite 28,3,731
Room 1598,12,732
PO Box 22045,50,733
Apt 1318,41,734
19th Floor,64,735
Apt 512,51,736
Room 1615,14,737
Room 512,36,738
20th Floor,10,739
12th Floor,14,740
Suite 68,88,741
Suite 21,2,742
Suite 11,52,743
7th Floor,11,744
PO Box 89503,22,745
Apt 1631,12,746
Room 920,67,747
Suite 68,28,748
Room 115,27,749
11th Floor,10,750
PO Box 31949,49,751
PO Box 30211,67,752
PO Box 76929,21,753
Suite 57,2,754
Room 1613,74,755
Apt 799,48,756
Suite 24,50,757
Room 1053,50,758
Suite 72,86,759
PO Box 156,34,760
Apt 695,95,761
PO Box 80498,44,762
Suite 55,73,763
PO Box 62133,42,764
Apt 792,66,765
Room 1430,66,766
Apt 672,82,767
14th Floor,7,768
Suite 49,93,769
PO Box 37929,48,770
Room 1072,14,771
Room 602,20,772
5th Floor,68,773
PO Box 86844,89,774
Room 1769,91,775
Suite 72,93,776
Apt 1051,29,777
5th Floor,80,778
Apt 446,82,779
Apt 1385,33,780
Apt 493,18,781
Apt 1638,43,782
PO Box 47048,61,783
Room 981,82,784
Suite 8,86,785
9th Floor,66,786
20th Floor,28,787
PO Box 78134,100,788
PO Box 8295,95,789
Apt 861,37,790
Apt 983,29,791
Apt 740,16,792
Apt 1704,33,793
12th Floor,63,794
16th Floor,61,795
6th Floor,69,796
Apt 310,55,797
Suite 72,24,798
3rd Floor,52,799
18th Floor,76,800
3rd Floor,58,801
PO Box 70559,32,802
Apt 978,57,803
6th Floor,10,804
Room 1828,28,805
Room 1767,91,806
Apt 1042,84,807
Suite 28,64,808
Apt 1264,94,809
PO Box 72339,9,810
Suite 32,15,811
Suite 15,33,812
5th Floor,71,813
Apt 1014,39,814
Apt 1691,16,815
8th Floor,87,816
5th Floor,86,817
Room 1515,7,818
Apt 849,41,819
8th Floor,22,820
Apt 530,58,821
12th Floor,39,822
Room 1295,20,823
PO Box 27081,67,824
PO Box 3079,11,825
Apt 647,41,826
PO Box 52955,97,827
10th Floor,78,828
PO Box 69663,77,829
Suite 38,28,830
Room 1440,8,831
7th Floor,35,832
Apt 628,81,833
Room 164,95,834
Room 254,89,835
Room 674,58,836
PO Box 86037,39,837
Apt 191,34,838
Suite 12,60,839
20th Floor,90,840
Room 680,41,841
4th Floor,54,842
PO Box 85750,21,843
Suite 91,17,844
PO Box 62254,27,845
PO Box 67842,38,846
Suite 47,27,847
PO Box 25525,34,848
PO Box 63578,67,849
Suite 89,11,850
Apt 1526,56,851
13th Floor,36,852
PO Box 31494,57,853
PO Box 48892,61,854
PO Box 70356,61,855
Room 950,69,856
Room 1851,86,857
Room 158,18,858
Apt 1564,100,859
Room 705,51,860
PO Box 97687,75,861
4th Floor,73,862
Room 1683,20,863
Room 1410,34,864
Suite 97,96,865
Apt 430,39,866
4th Floor,10,867
Room 1889,23,868
Room 1397,100,869
Apt 1824,11,870
Apt 139,11,871
PO Box 28474,95,872
PO Box 21095,38,873
Room 1217,80,874
Apt 1484,39,875
Suite 49,44,876
3rd Floor,13,877
Room 1199,16,878
PO Box 91897,95,879
PO Box 45703,4,880
Room 1563,91,881
Apt 929,94,882
Suite 23,9,883
PO Box 55965,64,884
Apt 1330,37,885
11th Floor,48,886
PO Box 16584,98,887
Room 494,31,888
6th Floor,60,889
PO Box 4012,20,890
PO Box 59732,22,891
12th Floor,30,892
Room 1153,50,893
Apt 665,19,894
Apt 1571,11,895
11th Floor,16,896
Suite 58,24,897
Room 451,29,898
PO Box 4652,94,899
Apt 691,7,900
PO Box 2065,40,901
PO Box 40236,5,902
Apt 1217,34,903
Room 841,85,904
Room 389,77,905
16th Floor,71,906
PO Box 56606,19,907
Apt 1933,6,908
12th Floor,65,909
10th Floor,34,910
Apt 1793,62,911
PO Box 44534,22,912
PO Box 31402,54,913
2nd Floor,4,914
PO Box 46623,56,915
Apt 694,38,916
Suite 79,4,917
10th Floor,75,918
Apt 223,24,919
Suite 59,82,920
PO Box 70542,62,921
Room 1836,57,922
Room 207,35,923
Apt 1181,100,924
Apt 1609,10,925
PO Box 5108,37,926
Apt 1570,89,927
PO Box 11441,89,928
Suite 33,4,929
Suite 83,56,930
Suite 87,96,931
Suite 69,44,932
Room 1418,18,933
3rd Floor,4,934
16th Floor,47,935
9th Floor,67,936
Room 824,55,937
Room 179,27,938
Room 563,1,939
Suite 67,6,940
Suite 39,12,941
Suite 68,29,942
Room 16,58,943
PO Box 93240,35,944
PO Box 86932,22,945
PO Box 29770,13,946
18th Floor,80,947
Room 1145,10,948
Room 312,31,949
18th Floor,49,950
Room 1415,61,951
Room 1016,61,952
Room 1394,23,953
Room 665,76,954
Suite 19,80,955
Apt 160,37,956
8th Floor,67,957
2nd Floor,15,958
20th Floor,48,959
PO Box 68815,25,960
PO Box 4011,19,961
Apt 1682,30,962
PO Box 50164,23,963
PO Box 23280,34,964
Apt 1667,7,965
Room 1030,84,966
11th Floor,39,967
Suite 26,3,968
17th Floor,97,969
Room 1620,48,970
Room 1351,21,971
15th Floor,47,972
Room 1579,11,973
Suite 45,98,974
Suite 36,44,975
Room 1553,91,976
2nd Floor,73,977
PO Box 61650,32,978
PO Box 67953,55,979
PO Box 14966,90,980
Room 691,94,981
Suite 47,23,982
PO Box 3233,82,983
Apt 1029,79,984
Suite 18,25,985
Suite 72,97,986
Room 521,36,987
Apt 545,9,988
PO Box 68812,80,989
Suite 12,85,990
PO Box 90911,51,991
4th Floor,91,992
8th Floor,67,993
PO Box 35390,44,994
PO Box 27150,31,995
Suite 78,87,996
PO Box 32717,98,997
Room 836,32,998
Suite 34,82,999
PO Box 90997,36,1000
